Type,Size,RABiT,PiET,Result
BUFFER2,_,46.875,0.0,False
BUFFER2ALT,_,36.458333333333336,0.0,False
CONCUR22,_,20.833333333333332,23.333333333333332,True
ECOOP22_2,_,6807.291666666667,54173.333333333336,True
idTau,_,20.833333333333332,0.0,True
PSAMS,_,26.041666666666668,0.0,False
